Channel_OrigActin_Golgi_Membrane,Channel_OrigDNA,Channel_OrigER,Channel_OrigMito,Channel_OrigRNA,Count_Cells,Count_Cytoplasm,Count_Nuclei,Count_Nucleoli,Count_NucleoliChildObjects,ExecutionTime_01Images,ExecutionTime_02Metadata,ExecutionTime_03NamesAndTypes,ExecutionTime_04Groups,ExecutionTime_05IdentifyPrimaryObjects,ExecutionTime_06IdentifySecondaryObjects,ExecutionTime_07IdentifyTertiaryObjects,ExecutionTime_08EnhanceOrSuppressFeatures,ExecutionTime_09MaskImage,ExecutionTime_10IdentifyPrimaryObjects,ExecutionTime_11OverlayOutlines,ExecutionTime_12MeasureObjectIntensity,ExecutionTime_13MeasureObjectSizeShape,ExecutionTime_14MeasureColocalization,ExecutionTime_15RelateObjects,ExecutionTime_16SaveImages,FileName_OrigActin_Golgi_Membrane,FileName_OrigDNA,FileName_OrigER,FileName_OrigMito,FileName_OrigRNA,Frame_OrigActin_Golgi_Membrane,Frame_OrigDNA,Frame_OrigER,Frame_OrigMito,Frame_OrigRNA,Group_Index,Group_Length,Group_Number,Height_OrigActin_Golgi_Membrane,Height_OrigDNA,Height_OrigER,Height_OrigMito,Height_OrigRNA,ImageNumber,ImageSet_ImageSet,MD5Digest_OrigActin_Golgi_Membrane,MD5Digest_OrigDNA,MD5Digest_OrigER,MD5Digest_OrigMito,MD5Digest_OrigRNA,Metadata_ChannelNumber,Metadata_FileLocation,Metadata_Frame,Metadata_Plate,Metadata_Series,Metadata_Site,Metadata_Well,ModuleError_01Images,ModuleError_02Metadata,ModuleError_03NamesAndTypes,ModuleError_04Groups,ModuleError_05IdentifyPrimaryObjects,ModuleError_06IdentifySecondaryObjects,ModuleError_07IdentifyTertiaryObjects,ModuleError_08EnhanceOrSuppressFeatures,ModuleError_09MaskImage,ModuleError_10IdentifyPrimaryObjects,ModuleError_11OverlayOutlines,ModuleError_12MeasureObjectIntensity,ModuleError_13MeasureObjectSizeShape,ModuleError_14MeasureColocalization,ModuleError_15RelateObjects,ModuleError_16SaveImages,PathName_OrigActin_Golgi_Membrane,PathName_OrigDNA,PathName_OrigER,PathName_OrigMito,PathName_OrigRNA,ProcessingStatus,Scaling_OrigActin_Golgi_Membrane,Scaling_OrigDNA,Scaling_OrigER,Scaling_OrigMito,Scaling_OrigRNA,Series_OrigActin_Golgi_Membrane,Series_OrigDNA,Series_OrigER,Series_OrigMito,Series_OrigRNA,Threshold_FinalThreshold_Cells,Threshold_FinalThreshold_Nuclei,Threshold_FinalThreshold_Nucleoli,Threshold_OrigThreshold_Cells,Threshold_OrigThreshold_Nuclei,Threshold_OrigThreshold_Nucleoli,Threshold_SumOfEntropies_Cells,Threshold_SumOfEntropies_Nuclei,Threshold_SumOfEntropies_Nucleoli,Threshold_WeightedVariance_Cells,Threshold_WeightedVariance_Nuclei,Threshold_WeightedVariance_Nucleoli,URL_OrigActin_Golgi_Membrane,URL_OrigDNA,URL_OrigER,URL_OrigMito,URL_OrigRNA,Width_OrigActin_Golgi_Membrane,Width_OrigDNA,Width_OrigER,Width_OrigMito,Width_OrigRNA
-1,-1,-1,-1,-1,64.0,64.0,64.0,392.0,392.0,0.0,0.0,0.890625,0.0,0.234375,0.796875,0.078125,0.078125,0.0,0.140625,0.015625,1.296875,2.984375,2.6875,0.3125,0.03125,plate1_A14_site1_Ch4.tif,plate1_A14_site1_Ch1.tif,plate1_A14_site1_Ch2.tif,plate1_A14_site1_Ch5.tif,plate1_A14_site1_Ch3.tif,0,0,0,0,0,1,10,1,520,520,520,520,520,1,b'eLtdSkSAsxntRw2aDDLajxr4cB/tSg1UyI/2pgZv3Ix2qAYu7E2pFPagKtkOADmlikU=',5a02cad9415a53ac1ae7f960a913de44,837bbf988c7e973f54b045603fa34afc,9af24877f88dc8ef2c0abc0616b5cbf9,497ab2cba95e223712c81c6a69b58240,a408945e11ab542d9692c84465c84d3d,nan,nan,0,plate1,0,1,A14,0,0,0,0,0,0,0,0,0,0,0,0,0,0,0,0,C:\Users\thoma\OneDrive\Bureaublad\school\BMW Ma2\Archive_EN\Archive_EN\images_Illum-corrected,C:\Users\thoma\OneDrive\Bureaublad\school\BMW Ma2\Archive_EN\Archive_EN\images_Illum-corrected,C:\Users\thoma\OneDrive\Bureaublad\school\BMW Ma2\Archive_EN\Archive_EN\images_Illum-corrected,C:\Users\thoma\OneDrive\Bureaublad\school\BMW Ma2\Archive_EN\Archive_EN\images_Illum-corrected,C:\Users\thoma\OneDrive\Bureaublad\school\BMW Ma2\Archive_EN\Archive_EN\images_Illum-corrected,Done,65535,65535,65535,65535,65535,0,0,0,0,0,0.003,0.00420539234764874,0.0005016684299334884,0.0033071546,0.004672658,0.00050166843,-13.631987945216881,-13.299478780681774,-13.63922544025423,0.09527611952280905,0.06289740507709148,2.217669310056166,file:///C:/Users/thoma/OneDrive/Bureaublad/school/BMW%20Ma2/Archive_EN/Archive_EN/images_Illum-corrected/plate1_A14_site1_Ch4.tif,file:///C:/Users/thoma/OneDrive/Bureaublad/school/BMW%20Ma2/Archive_EN/Archive_EN/images_Illum-corrected/plate1_A14_site1_Ch1.tif,file:///C:/Users/thoma/OneDrive/Bureaublad/school/BMW%20Ma2/Archive_EN/Archive_EN/images_Illum-corrected/plate1_A14_site1_Ch2.tif,file:///C:/Users/thoma/OneDrive/Bureaublad/school/BMW%20Ma2/Archive_EN/Archive_EN/images_Illum-corrected/plate1_A14_site1_Ch5.tif,file:///C:/Users/thoma/OneDrive/Bureaublad/school/BMW%20Ma2/Archive_EN/Archive_EN/images_Illum-corrected/plate1_A14_site1_Ch3.tif,696,696,696,696,696
-1,-1,-1,-1,-1,71.0,71.0,71.0,452.0,452.0,0.0,0.0,1.078125,0.0,0.296875,1.015625,0.078125,0.078125,0.015625,0.234375,0.03125,1.765625,5.4375,4.046875,0.671875,0.03125,plate1_A14_site2_Ch4.tif,plate1_A14_site2_Ch1.tif,plate1_A14_site2_Ch2.tif,plate1_A14_site2_Ch5.tif,plate1_A14_site2_Ch3.tif,0,0,0,0,0,2,10,1,520,520,520,520,520,2,b'eLtdSkSAsxntRw2aDALrRxmN9qMGLNxHu1IDFfKjvanBGzejHaqBC3tTKoU9qEq2AwBKaopK',10dc6593f1ae22ce4bc15e0c534a4c19,9ef3c0dfd1dc3ca3ad9661253a99134a,c1e89f13e2bad7c6f11b23091e699bb1,a7b79cbcfdcfa23942c2286f85d8a5d0,0a1ee4220f5876c67b09d66d80159de4,nan,nan,0,plate1,0,2,A14,0,0,0,0,0,0,0,0,0,0,0,0,0,0,0,0,C:\Users\thoma\OneDrive\Bureaublad\school\BMW Ma2\Archive_EN\Archive_EN\images_Illum-corrected,C:\Users\thoma\OneDrive\Bureaublad\school\BMW Ma2\Archive_EN\Archive_EN\images_Illum-corrected,C:\Users\thoma\OneDrive\Bureaublad\school\BMW Ma2\Archive_EN\Archive_EN\images_Illum-corrected,C:\Users\thoma\OneDrive\Bureaublad\school\BMW Ma2\Archive_EN\Archive_EN\images_Illum-corrected,C:\Users\thoma\OneDrive\Bureaublad\school\BMW Ma2\Archive_EN\Archive_EN\images_Illum-corrected,Done,65535,65535,65535,65535,65535,0,0,0,0,0,0.003,0.003544485988095403,0.0004703509039245546,0.0033283145,0.0039383178,0.0004703509,-13.644359767673215,-13.319119261096118,-13.63358987936456,0.09007764535878475,0.05839329240443251,2.259917194281766,file:///C:/Users/thoma/OneDrive/Bureaublad/school/BMW%20Ma2/Archive_EN/Archive_EN/images_Illum-corrected/plate1_A14_site2_Ch4.tif,file:///C:/Users/thoma/OneDrive/Bureaublad/school/BMW%20Ma2/Archive_EN/Archive_EN/images_Illum-corrected/plate1_A14_site2_Ch1.tif,file:///C:/Users/thoma/OneDrive/Bureaublad/school/BMW%20Ma2/Archive_EN/Archive_EN/images_Illum-corrected/plate1_A14_site2_Ch2.tif,file:///C:/Users/thoma/OneDrive/Bureaublad/school/BMW%20Ma2/Archive_EN/Archive_EN/images_Illum-corrected/plate1_A14_site2_Ch5.tif,file:///C:/Users/thoma/OneDrive/Bureaublad/school/BMW%20Ma2/Archive_EN/Archive_EN/images_Illum-corrected/plate1_A14_site2_Ch3.tif,696,696,696,696,696
-1,-1,-1,-1,-1,44.0,44.0,44.0,340.0,340.0,0.0,0.0,1.03125,0.0,0.265625,0.90625,0.09375,0.078125,0.0,0.21875,0.03125,1.671875,5.234375,3.640625,0.640625,0.046875,plate1_B13_site1_Ch4.tif,plate1_B13_site1_Ch1.tif,plate1_B13_site1_Ch2.tif,plate1_B13_site1_Ch5.tif,plate1_B13_site1_Ch3.tif,0,0,0,0,0,3,10,1,520,520,520,520,520,3,b'eLtdSkSAsxntRw2aDIJcvYz2owYm3Ee7UgMV8qO9qcEbN6MdqoELe1MqhT2oSrYDADmvikU=',17ebbe1fb419ac675a0604e126afa67f,3f18cf15f218d618855d3580a7a70397,23fe29a90731fe28d060d09dee109268,9eddcd4ff914144d7f46b142252a7325,e3e9dd22e2ef337ab4333cb54784a430,nan,nan,0,plate1,0,1,B13,0,0,0,0,0,0,0,0,0,0,0,0,0,0,0,0,C:\Users\thoma\OneDrive\Bureaublad\school\BMW Ma2\Archive_EN\Archive_EN\images_Illum-corrected,C:\Users\thoma\OneDrive\Bureaublad\school\BMW Ma2\Archive_EN\Archive_EN\images_Illum-corrected,C:\Users\thoma\OneDrive\Bureaublad\school\BMW Ma2\Archive_EN\Archive_EN\images_Illum-corrected,C:\Users\thoma\OneDrive\Bureaublad\school\BMW Ma2\Archive_EN\Archive_EN\images_Illum-corrected,C:\Users\thoma\OneDrive\Bureaublad\school\BMW Ma2\Archive_EN\Archive_EN\images_Illum-corrected,Done,65535,65535,65535,65535,65535,0,0,0,0,0,0.003,0.0034734602551907304,0.00038070554728619754,0.0031385901,0.0038594003,0.00038070555,-13.644121355034295,-13.417721570368354,-13.66337547628056,0.05725780594553576,0.04161058730011638,2.234317845753435,file:///C:/Users/thoma/OneDrive/Bureaublad/school/BMW%20Ma2/Archive_EN/Archive_EN/images_Illum-corrected/plate1_B13_site1_Ch4.tif,file:///C:/Users/thoma/OneDrive/Bureaublad/school/BMW%20Ma2/Archive_EN/Archive_EN/images_Illum-corrected/plate1_B13_site1_Ch1.tif,file:///C:/Users/thoma/OneDrive/Bureaublad/school/BMW%20Ma2/Archive_EN/Archive_EN/images_Illum-corrected/plate1_B13_site1_Ch2.tif,file:///C:/Users/thoma/OneDrive/Bureaublad/school/BMW%20Ma2/Archive_EN/Archive_EN/images_Illum-corrected/plate1_B13_site1_Ch5.tif,file:///C:/Users/thoma/OneDrive/Bureaublad/school/BMW%20Ma2/Archive_EN/Archive_EN/images_Illum-corrected/plate1_B13_site1_Ch3.tif,696,696,696,696,696
-1,-1,-1,-1,-1,51.0,51.0,51.0,366.0,366.0,0.0,0.0,0.984375,0.0,0.28125,0.9375,0.09375,0.078125,0.0,0.234375,0.03125,1.71875,5.25,3.71875,0.65625,0.03125,plate1_B13_site2_Ch4.tif,plate1_B13_site2_Ch1.tif,plate1_B13_site2_Ch2.tif,plate1_B13_site2_Ch5.tif,plate1_B13_site2_Ch3.tif,0,0,0,0,0,4,10,1,520,520,520,520,520,4,b'eLtdSkSAsxntRw2aDAKrXoxG+1EDFu6jXamBCvnR3tTgjZvRDtXAhb0plcIeVCXbAQBKdIpK',720155553adba02804bc72924d7341cd,e3cc0e97193e7997e088e303cf35383e,de4755f15813af1b6884aa7437a265e2,863534682778f7a84846cec8126d5e62,805223cd094b51ee4f1cf837f52d866b,nan,nan,0,plate1,0,2,B13,0,0,0,0,0,0,0,0,0,0,0,0,0,0,0,0,C:\Users\thoma\OneDrive\Bureaublad\school\BMW Ma2\Archive_EN\Archive_EN\images_Illum-corrected,C:\Users\thoma\OneDrive\Bureaublad\school\BMW Ma2\Archive_EN\Archive_EN\images_Illum-corrected,C:\Users\thoma\OneDrive\Bureaublad\school\BMW Ma2\Archive_EN\Archive_EN\images_Illum-corrected,C:\Users\thoma\OneDrive\Bureaublad\school\BMW Ma2\Archive_EN\Archive_EN\images_Illum-corrected,C:\Users\thoma\OneDrive\Bureaublad\school\BMW Ma2\Archive_EN\Archive_EN\images_Illum-corrected,Done,65535,65535,65535,65535,65535,0,0,0,0,0,0.003,0.0037192616611719134,0.0003905981429852545,0.0031831153,0.004132513,0.00039059814,-13.603194034578237,-13.274115273091718,-13.640874933068439,0.07325121643409548,0.04229917458162225,2.191514174503486,file:///C:/Users/thoma/OneDrive/Bureaublad/school/BMW%20Ma2/Archive_EN/Archive_EN/images_Illum-corrected/plate1_B13_site2_Ch4.tif,file:///C:/Users/thoma/OneDrive/Bureaublad/school/BMW%20Ma2/Archive_EN/Archive_EN/images_Illum-corrected/plate1_B13_site2_Ch1.tif,file:///C:/Users/thoma/OneDrive/Bureaublad/school/BMW%20Ma2/Archive_EN/Archive_EN/images_Illum-corrected/plate1_B13_site2_Ch2.tif,file:///C:/Users/thoma/OneDrive/Bureaublad/school/BMW%20Ma2/Archive_EN/Archive_EN/images_Illum-corrected/plate1_B13_site2_Ch5.tif,file:///C:/Users/thoma/OneDrive/Bureaublad/school/BMW%20Ma2/Archive_EN/Archive_EN/images_Illum-corrected/plate1_B13_site2_Ch3.tif,696,696,696,696,696
-1,-1,-1,-1,-1,94.0,94.0,94.0,656.0,656.0,0.0,0.0,1.046875,0.0,0.34375,1.296875,0.125,0.078125,0.0,0.203125,0.03125,2.28125,5.890625,4.25,0.546875,0.03125,plate1_C12_site1_Ch4.tif,plate1_C12_site1_Ch1.tif,plate1_C12_site1_Ch2.tif,plate1_C12_site1_Ch5.tif,plate1_C12_site1_Ch3.tif,0,0,0,0,0,5,10,1,520,520,520,520,520,5,b'eLtdSkSAsxntRw2aDIJc2o72owYm3Ee7UgMV8qO9qcEbN6MdqoELe1MqhT2oSrYDADm5ikU=',770852fad71c14853590838ed80b83fe,7dac09c5d7c392cf34c6fa6a8cdf5df9,20bb7b95b786b6e5917a4375d337af37,b4f1500561a590dc2c3e66fb91d8cb24,eca5a05eee5a57732af4bc00b11e8163,nan,nan,0,plate1,0,1,C12,0,0,0,0,0,0,0,0,0,0,0,0,0,0,0,0,C:\Users\thoma\OneDrive\Bureaublad\school\BMW Ma2\Archive_EN\Archive_EN\images_Illum-corrected,C:\Users\thoma\OneDrive\Bureaublad\school\BMW Ma2\Archive_EN\Archive_EN\images_Illum-corrected,C:\Users\thoma\OneDrive\Bureaublad\school\BMW Ma2\Archive_EN\Archive_EN\images_Illum-corrected,C:\Users\thoma\OneDrive\Bureaublad\school\BMW Ma2\Archive_EN\Archive_EN\images_Illum-corrected,C:\Users\thoma\OneDrive\Bureaublad\school\BMW Ma2\Archive_EN\Archive_EN\images_Illum-corrected,Done,65535,65535,65535,65535,65535,0,0,0,0,0,0.003821574058383703,0.003761104540899396,0.0004990837769582868,0.0054593915,0.004179005,0.0004990838,-13.823886124495276,-13.344100191370487,-13.669454779868028,0.10753178114526857,0.07176315144205073,2.3032991470879582,file:///C:/Users/thoma/OneDrive/Bureaublad/school/BMW%20Ma2/Archive_EN/Archive_EN/images_Illum-corrected/plate1_C12_site1_Ch4.tif,file:///C:/Users/thoma/OneDrive/Bureaublad/school/BMW%20Ma2/Archive_EN/Archive_EN/images_Illum-corrected/plate1_C12_site1_Ch1.tif,file:///C:/Users/thoma/OneDrive/Bureaublad/school/BMW%20Ma2/Archive_EN/Archive_EN/images_Illum-corrected/plate1_C12_site1_Ch2.tif,file:///C:/Users/thoma/OneDrive/Bureaublad/school/BMW%20Ma2/Archive_EN/Archive_EN/images_Illum-corrected/plate1_C12_site1_Ch5.tif,file:///C:/Users/thoma/OneDrive/Bureaublad/school/BMW%20Ma2/Archive_EN/Archive_EN/images_Illum-corrected/plate1_C12_site1_Ch3.tif,696,696,696,696,696
-1,-1,-1,-1,-1,92.0,92.0,92.0,611.0,611.0,0.0,0.0,1.15625,0.0,0.328125,1.234375,0.125,0.078125,0.0,0.234375,0.015625,2.0625,5.921875,4.203125,0.59375,0.03125,plate1_C12_site2_Ch4.tif,plate1_C12_site2_Ch1.tif,plate1_C12_site2_Ch2.tif,plate1_C12_site2_Ch5.tif,plate1_C12_site2_Ch3.tif,0,0,0,0,0,6,10,1,520,520,520,520,520,6,b'eLtdSkSAsxntRw2aDAIrbY1G+1EDFu6jXamBCvnR3tTgjZvRDtXAhb0plcIeVCXbAQBKfopK',9a6545c58fc1932563319eb1948e9c77,62a91011a05a2d921cf2c6c6668b2f43,0fecf5e329db93eaef280bd420a752df,0b955a5dcbac6986a0c552d879299746,7a692e76947180b65887d70aceda079c,nan,nan,0,plate1,0,2,C12,0,0,0,0,0,0,0,0,0,0,0,0,0,0,0,0,C:\Users\thoma\OneDrive\Bureaublad\school\BMW Ma2\Archive_EN\Archive_EN\images_Illum-corrected,C:\Users\thoma\OneDrive\Bureaublad\school\BMW Ma2\Archive_EN\Archive_EN\images_Illum-corrected,C:\Users\thoma\OneDrive\Bureaublad\school\BMW Ma2\Archive_EN\Archive_EN\images_Illum-corrected,C:\Users\thoma\OneDrive\Bureaublad\school\BMW Ma2\Archive_EN\Archive_EN\images_Illum-corrected,C:\Users\thoma\OneDrive\Bureaublad\school\BMW Ma2\Archive_EN\Archive_EN\images_Illum-corrected,Done,65535,65535,65535,65535,65535,0,0,0,0,0,0.003804467525333166,0.0037044550292193892,0.0005138900596648455,0.0054349536,0.004116061,0.00051389006,-13.621492740445333,-13.342049508900894,-13.6690751946485,0.1294306891468855,0.0731000902020034,1.913304114598818,file:///C:/Users/thoma/OneDrive/Bureaublad/school/BMW%20Ma2/Archive_EN/Archive_EN/images_Illum-corrected/plate1_C12_site2_Ch4.tif,file:///C:/Users/thoma/OneDrive/Bureaublad/school/BMW%20Ma2/Archive_EN/Archive_EN/images_Illum-corrected/plate1_C12_site2_Ch1.tif,file:///C:/Users/thoma/OneDrive/Bureaublad/school/BMW%20Ma2/Archive_EN/Archive_EN/images_Illum-corrected/plate1_C12_site2_Ch2.tif,file:///C:/Users/thoma/OneDrive/Bureaublad/school/BMW%20Ma2/Archive_EN/Archive_EN/images_Illum-corrected/plate1_C12_site2_Ch5.tif,file:///C:/Users/thoma/OneDrive/Bureaublad/school/BMW%20Ma2/Archive_EN/Archive_EN/images_Illum-corrected/plate1_C12_site2_Ch3.tif,696,696,696,696,696
-1,-1,-1,-1,-1,110.0,110.0,110.0,915.0,915.0,0.0,0.0,0.453125,0.0,0.28125,1.4375,0.125,0.078125,0.0,0.21875,0.015625,2.09375,6.65625,4.671875,0.53125,0.03125,plate1_D16_site1_Ch4.tif,plate1_D16_site1_Ch1.tif,plate1_D16_site1_Ch2.tif,plate1_D16_site1_Ch5.tif,plate1_D16_site1_Ch3.tif,0,0,0,0,0,7,10,1,520,520,520,520,520,7,b'eLtdSkSAsxntRw2aDIJc8Iz2owYm3Ee7UgMV8qO9qcEbN6MdqoELe1MqhT2oSrYDAI4yil4=',3c3b12a90f713daa43995dbccf24d600,daf73b0efe13a9a0483c03ac9632d850,d0434780c97ff87898ff385e34e97c8d,0cc8ca9a32cce103f6d5683b378acd5d,0c230bc51d6fe6d56db97e97dce1a5a8,nan,nan,0,plate1,0,1,D16,0,0,0,0,0,0,0,0,0,0,0,0,0,0,0,0,C:\Users\thoma\OneDrive\Bureaublad\school\BMW Ma2\Archive_EN\Archive_EN\images_Illum-corrected,C:\Users\thoma\OneDrive\Bureaublad\school\BMW Ma2\Archive_EN\Archive_EN\images_Illum-corrected,C:\Users\thoma\OneDrive\Bureaublad\school\BMW Ma2\Archive_EN\Archive_EN\images_Illum-corrected,C:\Users\thoma\OneDrive\Bureaublad\school\BMW Ma2\Archive_EN\Archive_EN\images_Illum-corrected,C:\Users\thoma\OneDrive\Bureaublad\school\BMW Ma2\Archive_EN\Archive_EN\images_Illum-corrected,Done,65535,65535,65535,65535,65535,0,0,0,0,0,0.003949458105489611,0.0039087354205548765,0.00038093552575446665,0.005642083,0.0043430394,0.00038093553,-13.647360541333331,-13.27574757190331,-13.668708967534899,0.08224482305757226,0.08844348828419038,2.246853493761453,file:///C:/Users/thoma/OneDrive/Bureaublad/school/BMW%20Ma2/Archive_EN/Archive_EN/images_Illum-corrected/plate1_D16_site1_Ch4.tif,file:///C:/Users/thoma/OneDrive/Bureaublad/school/BMW%20Ma2/Archive_EN/Archive_EN/images_Illum-corrected/plate1_D16_site1_Ch1.tif,file:///C:/Users/thoma/OneDrive/Bureaublad/school/BMW%20Ma2/Archive_EN/Archive_EN/images_Illum-corrected/plate1_D16_site1_Ch2.tif,file:///C:/Users/thoma/OneDrive/Bureaublad/school/BMW%20Ma2/Archive_EN/Archive_EN/images_Illum-corrected/plate1_D16_site1_Ch5.tif,file:///C:/Users/thoma/OneDrive/Bureaublad/school/BMW%20Ma2/Archive_EN/Archive_EN/images_Illum-corrected/plate1_D16_site1_Ch3.tif,696,696,696,696,696
-1,-1,-1,-1,-1,87.0,87.0,87.0,722.0,722.0,0.0,0.0,0.328125,0.0,0.21875,1.09375,0.109375,0.078125,0.0,0.15625,0.015625,1.78125,4.0,4.0,0.546875,0.03125,plate1_D16_site2_Ch4.tif,plate1_D16_site2_Ch1.tif,plate1_D16_site2_Ch2.tif,plate1_D16_site2_Ch5.tif,plate1_D16_site2_Ch3.tif,0,0,0,0,0,8,10,1,520,520,520,520,520,8,b'eLtdSkSAsxntRw2aDAIreIxG+1EDFu6jXamBCvnR3tTgjZvRDtXAhb0plcIeVCXbAQCe94pj',c01a881d1872668171118b5b38ed6a96,9f811633261334f921279ccbfcd855ef,f517cb294fa67c808b5973c376954be5,bc0c9cbba62565fe2303acf6f9f33af5,91434bc2796e339b0e3c33dfd475f362,nan,nan,0,plate1,0,2,D16,0,0,0,0,0,0,0,0,0,0,0,0,0,0,0,0,C:\Users\thoma\OneDrive\Bureaublad\school\BMW Ma2\Archive_EN\Archive_EN\images_Illum-corrected,C:\Users\thoma\OneDrive\Bureaublad\school\BMW Ma2\Archive_EN\Archive_EN\images_Illum-corrected,C:\Users\thoma\OneDrive\Bureaublad\school\BMW Ma2\Archive_EN\Archive_EN\images_Illum-corrected,C:\Users\thoma\OneDrive\Bureaublad\school\BMW Ma2\Archive_EN\Archive_EN\images_Illum-corrected,C:\Users\thoma\OneDrive\Bureaublad\school\BMW Ma2\Archive_EN\Archive_EN\images_Illum-corrected,Done,65535,65535,65535,65535,65535,0,0,0,0,0,0.003348216926679015,0.0037142186891287567,0.0004084246465936303,0.004783167,0.0041269097,0.00040842465,-13.774318942808486,-13.297734212895785,-13.665435734254466,0.06818106203043757,0.06878773442722337,2.310147521105121,file:///C:/Users/thoma/OneDrive/Bureaublad/school/BMW%20Ma2/Archive_EN/Archive_EN/images_Illum-corrected/plate1_D16_site2_Ch4.tif,file:///C:/Users/thoma/OneDrive/Bureaublad/school/BMW%20Ma2/Archive_EN/Archive_EN/images_Illum-corrected/plate1_D16_site2_Ch1.tif,file:///C:/Users/thoma/OneDrive/Bureaublad/school/BMW%20Ma2/Archive_EN/Archive_EN/images_Illum-corrected/plate1_D16_site2_Ch2.tif,file:///C:/Users/thoma/OneDrive/Bureaublad/school/BMW%20Ma2/Archive_EN/Archive_EN/images_Illum-corrected/plate1_D16_site2_Ch5.tif,file:///C:/Users/thoma/OneDrive/Bureaublad/school/BMW%20Ma2/Archive_EN/Archive_EN/images_Illum-corrected/plate1_D16_site2_Ch3.tif,696,696,696,696,696
-1,-1,-1,-1,-1,103.0,103.0,103.0,734.0,734.0,0.0,0.0,0.28125,0.0,0.21875,1.046875,0.09375,0.078125,0.0,0.171875,0.03125,1.671875,4.1875,4.03125,0.5625,0.015625,plate1_E18_site1_Ch4.tif,plate1_E18_site1_Ch1.tif,plate1_E18_site1_Ch2.tif,plate1_E18_site1_Ch5.tif,plate1_E18_site1_Ch3.tif,0,0,0,0,0,9,10,1,520,520,520,520,520,9,b'eLtdSkSAsxntRw3KDDLajxqYcB/tSg1UyI/2pgZv3Ix2qAYu7E2pFPagKtkOAMDlim0=',e72603164494f16e3af1e8e587fb1755,f50978bce0e2559a683160257197f0e0,c594082b445fbda84266804bf31a4a03,2fd27758a292ce15aa897bfa044f12ae,47e0f7df58cdf81b411bce119f50f8e8,nan,nan,0,plate1,0,1,E18,0,0,0,0,0,0,0,0,0,0,0,0,0,0,0,0,C:\Users\thoma\OneDrive\Bureaublad\school\BMW Ma2\Archive_EN\Archive_EN\images_Illum-corrected,C:\Users\thoma\OneDrive\Bureaublad\school\BMW Ma2\Archive_EN\Archive_EN\images_Illum-corrected,C:\Users\thoma\OneDrive\Bureaublad\school\BMW Ma2\Archive_EN\Archive_EN\images_Illum-corrected,C:\Users\thoma\OneDrive\Bureaublad\school\BMW Ma2\Archive_EN\Archive_EN\images_Illum-corrected,C:\Users\thoma\OneDrive\Bureaublad\school\BMW Ma2\Archive_EN\Archive_EN\images_Illum-corrected,Done,65535,65535,65535,65535,65535,0,0,0,0,0,0.004014130122959613,0.0036910439841449263,0.00037777895340695977,0.0057344716,0.00410116,0.00037777895,-13.505807296714275,-13.368805569881792,-13.670623155701271,0.078647879708252,0.07536936993500717,1.9605234421876279,file:///C:/Users/thoma/OneDrive/Bureaublad/school/BMW%20Ma2/Archive_EN/Archive_EN/images_Illum-corrected/plate1_E18_site1_Ch4.tif,file:///C:/Users/thoma/OneDrive/Bureaublad/school/BMW%20Ma2/Archive_EN/Archive_EN/images_Illum-corrected/plate1_E18_site1_Ch1.tif,file:///C:/Users/thoma/OneDrive/Bureaublad/school/BMW%20Ma2/Archive_EN/Archive_EN/images_Illum-corrected/plate1_E18_site1_Ch2.tif,file:///C:/Users/thoma/OneDrive/Bureaublad/school/BMW%20Ma2/Archive_EN/Archive_EN/images_Illum-corrected/plate1_E18_site1_Ch5.tif,file:///C:/Users/thoma/OneDrive/Bureaublad/school/BMW%20Ma2/Archive_EN/Archive_EN/images_Illum-corrected/plate1_E18_site1_Ch3.tif,696,696,696,696,696
-1,-1,-1,-1,-1,132.0,132.0,132.0,930.0,930.0,0.0,0.0,0.421875,0.0,0.25,1.328125,0.078125,0.109375,0.015625,0.1875,0.015625,1.796875,4.171875,3.65625,0.4375,0.015625,plate1_E18_site2_Ch4.tif,plate1_E18_site2_Ch1.tif,plate1_E18_site2_Ch2.tif,plate1_E18_site2_Ch5.tif,plate1_E18_site2_Ch3.tif,0,0,0,0,0,10,10,1,520,520,520,520,520,10,b'eLtdSkSAsxntRw26DGI02o8asHAf7UoNVMiP9qYGb9yMdqgGLuxNqRT2oCrZDgDRqopy',965709572a63096429702cf3aa44387b,991fb7f8a15ead3817152bdd0261719b,666fe4f19498bee06cb3b5e68ffe3597,e1a27ac31197a35a61997b32763161ae,689260aa081bff523fa0faf49e24ae56,nan,nan,0,plate1,0,2,E18,0,0,0,0,0,0,0,0,0,0,0,0,0,0,0,0,C:\Users\thoma\OneDrive\Bureaublad\school\BMW Ma2\Archive_EN\Archive_EN\images_Illum-corrected,C:\Users\thoma\OneDrive\Bureaublad\school\BMW Ma2\Archive_EN\Archive_EN\images_Illum-corrected,C:\Users\thoma\OneDrive\Bureaublad\school\BMW Ma2\Archive_EN\Archive_EN\images_Illum-corrected,C:\Users\thoma\OneDrive\Bureaublad\school\BMW Ma2\Archive_EN\Archive_EN\images_Illum-corrected,C:\Users\thoma\OneDrive\Bureaublad\school\BMW Ma2\Archive_EN\Archive_EN\images_Illum-corrected,Done,65535,65535,65535,65535,65535,0,0,0,0,0,0.0038613790180534124,0.004070367850363255,0.0003775737131945789,0.0055162557,0.004522631,0.0003775737,-13.692618002401938,-13.253248949485503,-13.681011270614684,0.0801506491722924,0.07965035067418727,2.2863490148036525,file:///C:/Users/thoma/OneDrive/Bureaublad/school/BMW%20Ma2/Archive_EN/Archive_EN/images_Illum-corrected/plate1_E18_site2_Ch4.tif,file:///C:/Users/thoma/OneDrive/Bureaublad/school/BMW%20Ma2/Archive_EN/Archive_EN/images_Illum-corrected/plate1_E18_site2_Ch1.tif,file:///C:/Users/thoma/OneDrive/Bureaublad/school/BMW%20Ma2/Archive_EN/Archive_EN/images_Illum-corrected/plate1_E18_site2_Ch2.tif,file:///C:/Users/thoma/OneDrive/Bureaublad/school/BMW%20Ma2/Archive_EN/Archive_EN/images_Illum-corrected/plate1_E18_site2_Ch5.tif,file:///C:/Users/thoma/OneDrive/Bureaublad/school/BMW%20Ma2/Archive_EN/Archive_EN/images_Illum-corrected/plate1_E18_site2_Ch3.tif,696,696,696,696,696
